{"load":{"0":1.0},"energy_nem":{"0":0.0000315323},"energy_mem":{"0":0.0},"energy_ben":{"0":0.0007441336},"max_abs_v":{"0":0.0055231496}}